EMPOWER VOCABULARY TRAINER - CONTENT ISSUE TRACKER,,,,,,,,,,,,,
Log every content issue you find. One row per issue. Be specific.,,,,,,,,,,,,,
,,,,,,,,,,,,,
Reviewer Name,Date,Level,Unit,Word / Phrase,Issue Type,Game Affected,Current Content,Issue Description,,Suggested Fix,Priority,Status,
Derya,2026-02-15,A2,3,upset,DEF,Multiple Choice,to make something fall over,Definition describes 'overturn' not the emotional meaning of upset,,"feeling unhappy, worried, or angry about something",High,Fixed,
Shahin,2026-02-15,B1,5,advice,EX,Fill in Blank,He adviced me to study harder.,"'adviced' is not valid - 'advice' is a noun, cannot be used as verb",,She gave me some good advice about her career.,High,Fixed,
Parisa,2026-02-16,A2,1,look after,PHV,Spelling,to search for something,Definition is for 'look for' not 'look after',,to take care of someone or something,High,Fixed,
Bihter,2026-02-16,B1,1,horrible,EX,Multiple Choice,The food tasted horrible.,The sentence does not help enough to grasp the meaning.,,"We watched a horrible movie, and I couldn’t sleep at night.",Medium,Fixed,
Bihter,2026-02-16,B1,1,nervous,DEF,Multiple Choice,"very small
feeling a little afraid or worried
able to be trusted to do things well and on time
a little stupid or not serious",The options are not challenging enough.,,"a) feeling worried or slightly afraid about something
b) feeling very relaxed and calm
c) feeling extremely happy and excited
d) feeling bored and not interested",Medium,Fixed,
Bihter,2026-02-16,B1,1,useless,DEF,Multiple Choice,helpful and good to use / not helpful and not good to use,The correct option is misleading.,,not helpful not good to use,High,Fixed,"the same problem in match words with definitions part,too."
Bihter,2026-02-16,B1,1,instead,DEF,Multiple Choice,"in place of something else; as another choice
in a way that surprises you
by walking, not by car, bus, or train
luckily; in a good way",The options are not challenging enough.,,"a) in place of something else; as an alternative
b) because of something; as a result
c) in addition to something; also
d) at the same time as something else",Medium,Fixed,
Bihter,2026-02-16,,,awful,EX,Multiple Choice,,The definition is not clear enough to grasp the meaning.,,"The weather was awful yesterday, with heavy rain, thunder, and dark clouds all afternoon.",Medium,Fixed,
Bihter,2026-02-16,B1,1,awful ,DEF,Multiple Choice,"not careful, often causing mistakes or accidents1
very bad and unpleasant2
successful or working in the way you want3
making you feel shy or ashamed",The options are not challenging enough.,,"a) very bad and unpleasant
b) slightly cool and fresh
c) calm and peaceful
d) warm and comfortable",Medium,Fixed,
Bihter,2026-02-16,,,relationship,DEF,Multiple Choice,They have a good relationship.,The definition is not clear enough to grasp the meaning.,,They have a good relationship; they always support each other and solve their problems by talking calmly.,Medium,Fixed,
Bihter,2026-02-16,B1,1,permanent,DEF,Multiple Choice,He has a permanent job at the bank.,The definition is not clear enough to grasp the meaning.,,"He has a permanent job at the bank, so he doesn’t worry about losing his position after a few months.",Medium,Fixed,
Bihter,2026-02-16,B1,1,permanent,EX,Multiple Choice,"expecting good things to happen or feeling hopeful
unable to stop doing or using something
staying the same for a long time; not changing
a little stupid or not serious",The options are not challenging enough.,,"a) temporary and short-term
b) lasting for a long time
c) part-time and flexible
d) stressful and demanding",Medium,Fixed,
Bihter,2026-02-16,B1,1,hardly ever,DEF,Multiple Choice,I hardly ever watch TV.,The definition is not clear enough to grasp the meaning.,,I hardly ever watch TV; maybe once or twice a year when there is something really special.,Medium,Fixed,
Bihter,2026-02-16,B1,1,usually ,EX,Multiple Choice,"in a very surprising or impressive way1
on most days or in most situations2
by walking, not by car, bus, or train3
in a way that surprises you4
",The options are not challenging enough.,,"a) most of the time; in most situations
b) almost never
c) only once a year
d) very suddenly and unexpectedly",Medium,Fixed,
Yeşim,2026-02-19,A2,1,say goodbye,DEF,Match,say goodbye,Definition gives the answer.,,To tell someone you are leaving.,Medium,Fixed,
Yeşim,2026-02-19,A2,1,say hello,DEF,Match,say hello,Definition gives the answer.,,to greet someone,Medium,Fixed,
Yeşim,2026-02-19,A2,1,an egg,DEF,Fill in Blank,I had an_________ for breakfast,"all other options start with a consonant, but the only correct (egg) starts with a vowel, so th answer is clear.",,a/an can be written to prevent that.,Low,Fixed,
Yeşim,2026-02-19,A2,1,advantage,DEF,Multiple Choice,One advantage of my job is the salary. The answer is : advantage=good thing..,the option gives the answer.,,"instead of that option, a good thing or benefit can be written",Medium,Fixed,
Yeşim,2026-02-19,A2,1,bought,DEF,Multiple Choice,I bought a new phone yesterday. the answer is : bought sth by paying money,the option gives the answer.,,to get something by paying money,Medium,Fixed,
Yeşim,2026-02-19,A2,1,grew up,DEF,Multiple Choice,past form of grow up,"Two options have the past forms of verbs, and the others are definitions",,"either give only defnitions, or past form of two more verbs in the options.",Medium,Fixed,
Yeşim,2026-02-19,A2,1,I'll call you back after lunch.,PHV,Multiple Choice,I'll call you back after lunch.,target word is not highlighted so it cannot be solved.,,highlight the target word,High,Fixed,
Yeşim,2026-02-19,A2,1,“Teacher” and “book” are nouns.,DEF,Multiple Choice,"words for people, places, or things",there are two close options,,"one option must be changed to adjectives for people, places, or things",Medium,Open,checked
Yeşim,2026-02-19,A2,1,dance for 24 hours,DEF,Multiple Choice,They tried to dance for 24 hours for charity.,the answer is: to dance without stopping for 24 hours. the answer is given in the option,,to dance without stopping all day,Medium,Fixed,
Yeşim,2026-02-19,A2,1,I need to post this letter today.,DEF,Multiple Choice,looking for or trying to see sth,"all three options start with ""to"" except this one",,to look for or try to see sth,Medium,Fixed,
Yeşim,2026-02-19,A2,1, fallen off ,PHV,Multiple Choice,He has fallen off his bike twice.,only fallen is underlined but it is actually a phrasal verb and the questions is finding the meaning of the verb but the options are past participle of the verbs,,fallen off should be underlined and definitions of the verbs should be given in the options,Medium,Fixed,
Yeşim,2026-02-19,A2,1,caught,COL,Multiple Choice,He has caught a cold.,only caught is underlined but it is actually a collocation and the questions is finding the meaning of the verb but the options are past participle of the verbs,,caught a cold should be underlined and definitions of the verbs should be given not the past forms.,Medium,Fixed,
Abdulrauf,2026-02-20,B1,7,suffer from,PHV,Match,,"Definition does not match meaning (describes worry, not illness/problem)",,“to have an illness or problem” / “to experience something bad or unpleasant”,Medium,Fixed,
Abdulrauf,2026-02-20,B1,7,get an offer,GAM,Match,,No definition matches the word,,"Add definition: “to receive an offer, usually for a job or opportunity”",Medium,Fixed,
Abdulrauf,2026-02-20,B1,7,"walking, not using a vehicle",GAM,Match,,Extra definition with no matching word,,Remove or include the missing word (“on foot”),Medium,Fixed,
Abdulrauf,2026-02-20,B1,7,suffer from,DEF,Match," Definition shown as ""to have serious health problems with your heart""","Definition is too specific and does not define the general verb phrase ""suffer from""; prevents an unambiguous match.",,"""to have an illness or problem; to experience something unpleasant""",Medium,Fixed,
Abdulrauf,2026-02-20,B1,7,lack of,DEF,Match,“not having enough vitamin D in your body”,Definition is overly specific (only about vitamin D),,“not having enough of something”,Medium,Fixed,
Abdulrauf,2026-02-20,B1,7,setting goal,PHR,Match,setting goal,Phrase is unnatural / incorrect in English,,“setting a goal” or “setting goals”,Medium,Fixed,
Abdulrauf,2026-02-20,B1,7,setting goal,PHR,Multiple Choice,setting goal,Phrase form is inconsistent/unnatural,,"
Standardize the headword to one of:
  • ""setting goals""  (preferred, as used in the MCQ), OR
  • ""setting a goal"" (if singular is required)",Medium,Fixed,
Abdulrauf,2026-02-20,B1,7,eat a healthy,GAM,Spelling,eat a healthy,“Scrambled letters only show ‘eat a healthy’ but the correct phrase is ‘eat a healthy diet.,,"Provide full letters for “eat a healthy diet”,
OR change the expected answer to a single word",Medium,Fixed,
Abdulrauf,2026-02-20,B1,7,fitness programme,GAM,Spelling,fitness programme,Alternative spelling not accepted,,Accept both spellings in validation,Medium,Fixed,
Abdulrauf,2026-02-20,B1,7,all right,GAM,Spelling,all right,Game only accepts 'all right' and rejects 'alright,,Spelling game should accept both widely used variants,Medium,Fixed,
Abdulrauf,2026-02-20,B1,7,With the flu,GAM,Fill in Blank,I was in bed for a week with ____.',I was in bed for a week with ____.' Options include 'a serious stomach ache' is too plausible with the sentence alone,,"Make the sentence carry the key symptoms


“I was in bed for a week with ___ — I had a fever and a bad cough.”
(Then “the flu” becomes the only natural fit.)",Medium,Fixed,
Abdulrauf,2026-02-20,B1,7,serious vs silly,COL,Fill in Blank,That was a ____ mistake,"Distractor 'serious' is an antonym of the definition and forms a strong natural collocation ('serious mistake'), making distractor too strong and causing ambiguity",,Replace serious with a distractor that is not a strong collocation with mistake,Medium,check it out agian please ,
Abdulrauf,2026-02-20,B1,7,careless vs brave,COL,Fill in Blank,The firefighters were very ____  .,Some learners conflate “brave” with “careless”.,,"clarify sentence
“The firefighters were very ______ when they carefully entered the burning building.”",Medium,Fixed,
Abdulrauf,2026-02-21,B1,7,keys.,GAM,Word Order,I always lose my keys.,Punctuation is incorrectly included inside the word tile (“keys.”).Word Order games should not embed punctuation inside tokens because it helps students figure out the answer,,Remove the period from the word tile,Medium,Fixed,
Abdulrauf,2026-02-21,B1,7,(“After the holidays I usually go on a diet.”),GAM,Word Order,"Tile “diet.” includes a full stop; tile “After” is capitalized, giving away sentence start.","Punctuation is incorrectly embedded in the tile (“diet.”), and capitalization on “After” provides an unintended clue. Both violate Word Order mechanics and reduce challenge validity.",,Remove the full stop from “diet.” change “After” to “after”,Medium,Fixed,
bihter,2026-02-21,B1,1,If you like,DEF,Match,used to make a polite suggestion,isnt clear enough.,,"If you want, if you prefer.",Medium,Fixed,
Bihter,2026-02-21,,1,worry ,DEF,Match,to feel worried and think something bad may happen,The target word itself or the same root should not appear in the definition.,,to feel nervous and think about possible problems,Medium,Fixed,
Bihter,2026-02-21,B1,1,woryy,EX,Multiple Choice,to feel worried and think something bad may happen,the target word itself or the same root should not appear in the definition.,,feel nervous and think about possible problems,Medium,Fixed,
Bihter,2026-02-21,B1,1,rarely ,EX,Multiple Choice,We rarely eat in restaurants.,"not in context. the options, too.",,"We rarely eat in restaurants because we prefer cooking at home.A) almost never
B) from time to time
C) on a regular basis
D) more than usual",Medium,Fixed,
Bihter,2026-02-21,B1,1,goal,DEF,Multiple Choice,"on almost every occasion1
things that you want to do or get in the future2
someone whose job is writing news stories for newspapers or TV3
used to give a reason for something4
",weak distractor quality in the options.,,"A) a problem you need to solve
B) something you want to do or get in the future
C) a task you do every day
D) something that happens by chance",Medium,Fixed,
Bihter,2026-02-21,B1,1,lazy,DEF,Multiple Choice,"He is very lazy at the weekend.

feeling shy or ashamed1
not liking to work or do things2
able to learn and understand things quickly3
very clever or impressive",No Context in the sentence and the weak distractor quality in the options.,,"He is very lazy at the weekend; he stays in bed until noon and doesn’t do any homework. A) feeling shy around other people
B) not wanting to work or make effort
C) able to understand things quickly
D) very talented and impressive",Medium,Fixed,
Bihter,2026-02-21,B1,1,yin,EX,Multiple Choice,"In yin and yang, yin is the dark, quiet side.
noun (probably “yin”)
an arrangement you have with a bank for your money1
at no time; not ever2
the Chinese idea of one part of yin and yang, two opposite forces3
to arrive at a place or destination",the word (yin) must be bold. and the options are problematic.,,"A) a type of bank account
B) a method of travelling to a place
C) a period of complete silence
D) one of two opposite forces in Chinese philosophy",Medium,Fixed,
Bihter,2026-02-21,B1,2,change,DEF,Match,"change →
 to change from one train to another",The target word itself is used in the definition (“change”).,,"change →
to get off one train and get on another",Medium,Fixed,
Bihter,2026-02-21,B1,2,miss the bus,DEF,Match,probably “miss a train / bus”) to arrive too late for a train or bus,Unncessary words ,,The explanation in brackets should be removed. to arrive too late for a train or bus,Medium,Fixed,
Bihter,2026-02-21,B1,2,foreign currency,DEF,Match,foreign money from another country,the target word itself or the same root should not appear in the definition.,,money from another country,Medium,Fixed,
Bihter,2026-02-21,,2,stay in a campsite,DEF,Match,to sleep on a campsite in a tent or caravan,"Definition repeats campsite.
→ This makes matching too easy.",,to sleep in a tent or caravan in an outdoor area,Medium,Fixed,
Bihter,2026-02-21,,2,break down,SPL,Match,brake down - (“break down”) in the definition gives away the answer.,spelling problem- (“break down”) when a car or machine stops working suddenly,,,Medium,Fixed,
Bihter,2026-02-21,,2,accomodation,DEF,Multiple Choice,We found cheap accommodation near the city centre.,the target word is not bold.,,,Medium,Fixed,
Bihter,2026-02-21,,,regular,EX,Multiple Choice,He is a regular customer here.,No Context in the sentence and the weak distractor quality in the options.,,"He comes to this café every weekend. He is a regular customer here.A) someone who comes very often
B) someone who works in the shop
C) someone who spends a lot of money
D) someone who complains frequently",Medium,Fixed,
Bihter,2026-02-21,,,swim a long way,EX,Multiple Choice,,No Context in the sentence and the weak distractor quality in the options.,,"She trained for months before the competition. Now she can swim a long way in the sea. A) to travel to another country by plane
B) to practise a sport every day
C) to stay under water without breathing
D) to move through water for a long distance",Medium,Fixed,
B,2026-02-21,,,success.,EX,Multiple Choice,success,the word is not bold.,,,Medium,Fixed,
B,2026-02-21,,,advantage,EX,Multiple Choice,"One advantage of my job is the salary.
nouns
to have a particular name1
advantage = good thing; disadvantage = bad thing2
at all times3
a place on the internet with pages of information",No Context in the sentence and the weak distractor quality in the options.,,"One advantage of my job is the salary, but the working hours are very long.A) a responsibility you must accept
B) a positive point about something
C) a difficult part of a situation
D) a rule you have to follow",Medium,Fixed,
B,2026-02-21,B1,2,idea,EX,Multiple Choice,"That's a great idea.
noun
a thought, plan, or suggestion1
one of two equal parts of something2
a person who wears clothes or uses products in photos, shows, or adverts3
a room where you sleep4
",No Context in the sentence and the weak distractor quality in the options.,,"That's a great idea. Let's try it. A) a thought or plan about what to do
B) a decision made by a manager
C) a problem that needs solving
D) a reason for doing something",Medium,Fixed,
B,2026-02-21,B1,2,outdoor,EX,Multiple Choice,outdoor = outside; indoor = inside,"Direct synonym explanation, Weak distractors",,"There are many outdoor and indoor activities at the summer camp. A) done outside or inside a building
B) expensive or cheap
C) safe or dangerous
D) noisy or quiet",Medium,Fixed,
B,2026-02-21,B1,2,local,EX,Multiple Choice,"We like the local café.
adjective
quiet and not excited or angry1
from or about a place near you2
easy to understand or do3
coming before the one you are talking about",No Context in the sentence and the weak distractor quality in the options.,,"We like the local café because it is only five minutes from our house.A) quiet and calm
B) near the place where you live
C) simple and easy to understand
D) happening before something else",Medium,Fixed,
B,2026-02-21,B1,2,full,EX,Multiple Choice,"The bus is full this morning.
adjective
having a natural ability or skill1
very good or surprising2
with no empty space or no more room3
very bad or unpleasant",No Context in the sentence and the weak distractor quality in the options.,,"The bus is full this morning, so we have to stand.A) having a natural ability or talent
B) very good or impressive
C) with no empty seats or space
D) very bad or unpleasant",Medium,Fixed,
B,2026-02-21,B1,2,important,EX,Multiple Choice,"It is important to sleep well.
adjective
having a natural ability or skill1
very necessary or important2
with no empty space or no more room3
giving a lot of light; or very strong in colour4
",No Context in the sentence and the weak distractor quality in the options.,,"It is important to sleep well if you want to stay healthy.A) having a natural ability or skill
B) necessary or needed
C) with no empty space
D) giving a lot of light",Medium,Fixed,
B,2026-02-21,B1,2,possession,EX,Multiple Choice,"That car is my father's possession.
noun
tools or machines you need for a job or sport1
information about important recent events2
a road, direction, or method of doing something3
something that belongs to you",no Context in the sentence and the weak distractor quality in the options.,,"That car is my father's possession. It is his, not anyone else's.    A) something a person owns
B) something used for work
C) information about recent events
D) a way of doing something",Medium,Fixed,
B,2026-02-21,B1,2,proud,EX,Multiple Choice,"I am proud of my students.
adjective
happy because you or someone did something good1
a bit angry about something2
having a good flavour3
able to make new and interesting things",no Context in the sentence and the weak distractor quality in the options.,,"I am proud of my students because they worked very hard and passed the exam.
A) happy because someone has done something good
B) slightly angry about something
C) having a pleasant taste
D) able to create new ideas",Medium,Fixed,
B,2026-02-21,B1,,Get your coat.,DEF,Multiple Choice,"Get your coat, it's cold outside.
verb phrase
to say what is real and not a lie1
to connect to the internet2
to not go out; to remain at home3
to take your coat from somewhere4
",The options are not challenging enough.,,"A) to go and take your coat so you can wear it
B) to stay inside because of the weather
C) to tell someone the truth
D) to check the weather online",Medium,Fixed,
B,2026-02-21,B1,,modern,EX,Multiple Choice,This is a modern building.,,,This is a modern building with a glass front and smart technology inside.,Medium,Fixed,
B,2026-02-21,B1,,waitress,EX,Multiple Choice,The waitress took our order.,,,The waitress took our order and brought the food to our table.,Medium,Fixed,
B,2026-02-21,B1,,damage,EX,Multiple Choice,The storm did a lot of damage to the house. ,The options are not challenging enough.,,"The storm did a lot of damage to the house. The roof and windows were broken.

A) something that needs to be fixed
B) physical harm to something
C) a natural event with strong wind
D) a repair made to a building",Medium,Fixed,
B,2026-02-21,B1,,imagine,EX,Multiple Choice,"Imagine your life in ten years.
verb
to form a picture or idea in your mind1
to want something good to happen2
to try to hurt someone or something3
to have enough money to buy something",The options are not challenging enough.,,"Close your eyes and imagine your life in ten years.

A) to form a picture in your mind
B) to hope something good will happen
C) to try to harm someone
D) to have enough money for something",Medium,Fixed,
B,2026-02-21,B1,,headache,EX,Multiple Choice,"I have a headache.

a place where people go to ski and stay on holiday1
a solid yellow fat used in cooking2
a pain in your head3
physical or mental damage",The options are not challenging enough.,,"I have a headache, so I can’t concentrate on my homework.

A) a pain in your head
B) a problem you need to solve
C) a feeling of being very tired
D) an illness that causes a high temperature",Medium,Fixed,
B,2026-02-21,B1,,dress,EX,Multiple Choice,"She bought a new dress.

a piece of women's clothing that covers the body and legs1
the first day of the working week2
the business of holidays and travel for visitors3
a musical instrument with strings",The options are not challenging enough.,,"She bought a new dress for the wedding next week.

A) a type of shoe worn at formal events
B) a piece of jewellery worn around the neck
C) a piece of clothing worn by women
D) a light jacket for cold weather",Medium,Fixed,
B,2026-02-21,B1,,give,EX,Multiple Choice,"I always give my seat to older people.

to give something to someone1
to move towards a place or person2
to have an emotion or physical state3
to enjoy someone or something4
",The options are not challenging enough.,,"I always give my seat to older people on the bus.

A) to offer something to another person
B) to move closer to someone
C) to feel a strong emotion
D) to like someone very much",Medium,Fixed,
B,2026-02-21,B1,,steak,EX,Multiple Choice,"He had a steak for lunch.

how someone looks; face, body, and style1
a piece of women's clothing that covers the body and legs2
a thick piece of meat, usually beef3
a room where you sleep",The options are not challenging enough.,,"He had a steak for lunch at the restaurant.

A) a sweet dessert made with chocolate
B) a thick piece of meat, usually beef
C) a type of vegetable served in salads
D) a hot drink made from coffee beans",Medium,Fixed,
B,2026-02-21,B1,,own,EX,Multiple Choice,"I have my own room.
adjective
unusual or difficult to understand1
belonging to one person2
making you want to know more3
from or about a place near you",The options are not challenging enough.,,"I don’t share with anyone. I have my own room.

A) unusual or difficult to understand
B) belonging to one person only
C) making you want to know more
D) related to a nearby place",Medium,Fixed,
B,2026-02-21,B1,1,pay,EX,Multiple Choice,"You must pay before you leave.

to draw a line under words1
to talk informally, often online or by message2
to give money for something3
to finish school or university successfully",The options are not challenging enough.,,"You must pay before you leave the restaurant.

A) to leave a place quickly
B) to give money for something you buy
C) to speak to someone in a friendly way
D) to complete your studies successfully",Medium,Fixed,
B,2026-02-21,B1,2,grill,DEF,Multiple Choice,"
cooked over a fire or very hot surface1
very good2
feeling calm and not worried3
kind and easy to like",The options are not challenging enough.,,"A) cooked in hot water
B) cooked over direct heat
C) mixed with a sauce
D) cut into very small pieces",Medium,Fixed,
B,2026-02-21,B1,2,december,DEF,Multiple Choice,"

a list of food and drinks in a café or restaurant1
something that you do, usually for enjoyment or learning2
strong worry or pressure in your body or mind3
the twelfth month of the year",The options are not challenging enough.,,"A) the first month of the year
B) the twelfth month of the year
C) a season with cold weather
D) a special national celebration",Medium,Fixed,
B,2026-02-21,B1,2,important,EX,Multiple Choice,"It is important to sleep well.                           with no empty space or no more room1
very good; excellent2
very necessary or important3
better in quality than something else4
",The options are not challenging enough.,,"It is important to sleep well if you want to stay healthy.

What does “important” mean in this sentence?

A) completely full
B) very necessary
C) better than others
D) extremely good",Medium,Fixed,
B,2026-02-21,B1,2,chicken,DEF,Multiple Choice,"I often eat chicken for dinner.

meat from a chicken1
a suggestion that something is good and other people should try it2
the son of your son or daughter3
a request for food, drink, or goods; or the arrangement of things",The options are not challenging enough.,,"I often eat chicken for dinner because it is healthy and full of protein.

A) a kind of seafood
B) a sweet dessert made with milk
C) meat from a bird kept on farms
D) a type of red meat",Medium,Fixed,
B,2026-02-21,B1,2,married,EX,Multiple Choice,"My sister is married.

",,,My sister is married and lives with her husband.,Medium,Fixed,
B,2026-02-21,B1,2,invitation,EX,Multiple Choice,"I sent an invitation to my friend.
noun
the third month of the year1
a request asking someone to come or join2
a period of time when you learn something3
a large, slow-moving river of ice",The options are not challenging enough.,,"I sent an invitation to my friend for my birthday party next week.

A) a written message about an event
B) a request asking someone to come to an event
C) a list of people at a party
D) a plan for decorating a room",Medium,Fixed,
B,2026-02-21,B1,2,cook,EX,Multiple Choice,"I cook dinner every evening.

to make something easier for someone1
to look at something for a period of time2
to move on foot3
to prepare food with heat",The options are not challenging enough.,,"I cook dinner every evening for my family.

A) to order food from a restaurant
B) to prepare food using heat
C) to serve food at a table
D) to cut food into small pieces",Medium,Fixed,
B,2026-02-21,B1,2,straight hair,EX,Multiple Choice,"She has long straight hair.

almost everyone1
the activity of playing chess2
a plan for what you will do on holiday3
hair that is not curly or wavy",The options are not challenging enough.,,"She has long straight hair, not curly hair like her sister.

A) hair that is very short
B) hair that is very dark
C) hair that is not curly or wavy
D) hair that is difficult to manage",Medium,Fixed,
B,2026-02-21,B1,2,forward,PHR,Multiple Choice,"I'm looking forward to the weekend.

not inside; in the open air1
in or to another country2
towards the front or future; used in “look forward to”3
used to say something is possible but not sure",the target phrase must be looking forward to ,,"I'm looking forward to the weekend because I want to relax.

A) feeling excited about something in the future
B) planning to work during the weekend
C) travelling somewhere soon
D) thinking about a problem",Medium,Fixed,
B,2026-02-21,B1,2,hostel,EX,Multiple Choice,"We stayed in a hostel to save money.

a place to live or stay, like a flat or hotel1
a sport played with a ball and a net on a court2
a written request for a job or course3
a cheap place where travellers can sleep, often sharing a room4
",The options are not challenging enough.,,"We stayed in a hostel to save money while travelling around Europe.

A) a small family-owned hotel
B) a cheap place where travellers can share rooms
C) a private house rented for holidays
D) a luxury hotel with many services",Medium,Fixed,
B,2026-02-21,B1,2,jumper,DEF,Multiple Choice,"I'm wearing a wool jumper.

a warm piece of clothing for the top of your body1
a person who controls part of a company or team2
a person who serves food and drinks in a café or restaurant3
plants people eat, like carrots and beans4
",The options are not challenging enough.,,"I'm wearing a wool jumper because it's very cold today.

A) a light jacket for rain
B) a pair of trousers
C) a warm piece of clothing for the upper body
D) a long coat worn in winter",Medium,Fixed,
B,2026-02-21,B1,2,bread ,EX,Multiple Choice,"I usually eat bread for breakfast.
noun
a plastic card you use to pay instead of cash1
something you say or write when someone asks you2
food made from flour and water, baked in an oven3
a TV/radio show or a computer application4
",The options are not challenging enough.,,"I usually eat bread for breakfast with butter and cheese.

A) a sweet dessert made with chocolate
B) a drink made from fruit
C) food made from flour and baked in an oven
D) a type of meat cooked in a pan",Medium,Fixed,
,2026-02-21,B1,2,creative,DEF,Multiple Choice,"She is very creative.
adjective
coming after the second in order1
able to make new and interesting things2
being a woman or girl3
following old customs or ways of doing things",The options are not challenging enough.,,"She is very creative and always comes up with new ideas for her projects.

A) able to produce new and original ideas
B) careful about small details
C) good at following instructions
D) quick at finishing tasks",Medium,Fixed,
B,2026-02-21,B1,2,pleasant,DEF,Multiple Choice,"We had a pleasant evening.
adjective
needing a lot of effort1
working well and producing a good result2
nice and making you feel happy3
speaking and acting in a nice, respectful way",The options are not challenging enough.,,"We had a pleasant evening with friends and enjoyed the music.

A) needing a lot of effort
B) enjoyable and making you feel happy
C) serious and formal
D) successful in achieving a goal",Medium,Fixed,
B,2026-02-21,B1,2,strange,DEF,Fill in Blank,"That is a strange question.
unusual1
friendly2
intense3
strange4
",The options are not challenging enough.,,"A) ordinary
B) intense
C) formal
D) strange",Medium,Fixed,
B,2026-02-21,B1,2,getting old,DEF,Fill in Blank,"
go from being a child to an adult1
get old2
live abroad3
feel well4
",the structural problem,,"
going  from being a child to an adult
getting old
living abroad
feeling well",Medium,In Progress,
B,2026-02-21,B1,2,suprised,DEF,Fill in Blank,"feeling surprised because something is not expected
I was surprised by the test result.",,,feeling amazed because something is not expected,Medium,Fixed,
Yeşim,2026-02-22,A2,2,use,DEF,Match,use : to use sth,not explaining the target verb,,use: to do something with an object or tool for a purpose,Medium,Fixed,
Yeşim,2026-02-22,A2,2,important,DEF,Match,important: very necessary or important,redundant info,,important: very necessar,Medium,Fixed,
Yeşim,2026-02-22,A2,2,small,DEF,Match,small: small in size,same adjective in definition,,"small:not big in size, amount, or number",Medium,Fixed,
Yeşim,2026-02-22,A2,2,alligator,DEF,Multiple Choice,alligator,alligator in the question is not highlighted and the answer is in the option,,spelling: alligators should be taken out from the answer,Medium,Fixed,
Yeşim,2026-02-22,A2,2,quite,DEF,Multiple Choice,quite a lot,the answer is in the option,,"take out ""quite a lot"" from the answer",Medium,Fixed,
Yeşim,2026-02-22,A2,2,hard work,DEF,Fill in Blank,Hard work is important for success.,answer is in the question itself,,hard work should be deleted in the question,Medium,Fixed,
Yeşim,2026-02-22,A2,2,extra,DEF,Fill in Blank,We have an extra class this week.,"there is ""an"" so it is easy to guess the answer",,add a/an ,Medium,Fixed,
Yeşim,2026-02-23,A2,3,sounds,DEF,Multiple Choice,That sounds interesting.,all options except the answer is in infinitive form,,to sound,Medium,Fixed,
Yeşim,2026-02-23,A2,3,newspaper,DEF,Multiple Choice,I read the newspaper in the morning.,the word is not  highlighted,,highlighting the word in the question,Medium,Fixed,
Yeşim,2026-02-23,A2,3,long,DEF,Multiple Choice,It was a long movie.,the answer is long in time,,lasting a lot of time; not short,Medium,Fixed,
Yeşim,2026-02-23,A2,3,February,DEF,Multiple Choice,February is h shortest month.,February is not highlighted in the question,,highlighting the word in the question,Medium,Fixed,
Yeşim,2026-02-23,A2,3,newspaper,SPL,Spelling,newspapper,misspelled,,newspaper,Medium,Fixed,
Yeşim,2026-02-23,A2,3,phone,DEF,Fill in Blank,"a telephone, especially a mobile phone",definition gives the answer,,phone: a device for calling and communicating with people.,Medium,Fixed,
Yeşim,2026-02-23,A2,3,look for,DEF,Fill in Blank,looking for or trying to see something,definition gives the answer,,look for: to try to find something or someone,Medium,Fixed,
Yeşim,2026-02-24,A2,4,outdoor,DEF,Match,outdoor=outside,definition gives the answer,,outside: not inside a building,Medium,Fixed,
Yeşim,2026-02-24,A2,4,boring,DEF,Listening,the film was boring,definition gives the answer,,"deleting ""making you feel bored""",Medium,Fixed,
Yeşim,2026-02-24,A2,4,an egg,DEF,Listening,I had an_________ for breakfast,"all other options start with a consonant, but the only correct (egg) starts with a vowel, so th answer is clear.",,a/an can be written to prevent that.,Low,Fixed,
Yeşim,2026-02-24,A2,4,after tat,DEF,Listening,"We had dinner, and _____ we watched a film.",the answer is after that and the definition is afer that time or event,,another definition is needed,Medium,Open,
Abdulrauf,2026-02-24,B1,8,diving,DEF,Multiple Choice,"""the sport of jumping into water or going deep under water""",The definition mixes two different meanings (diving vs. scuba diving). This creates ambiguity,,"""the sport of jumping into water from a platform or board""",Medium,Fixed,
Abdulrauf,2026-02-24,B1,8,ice skating,GAM,Multiple Choice,"Distractors 1,2,3,4",Distractors are easy and clearly wrong options,,replace distractors with domain-near alternatives,Medium,Open,
Abdulrauf,2026-02-24,B1,,paint,GAM,Fill in Blank,"""to put colour on something using paint""","The prompt includes the target word ""paint""",,replace or prompt with a neutral definition. eg omit the word 'paint' in the prompt,Medium,Fixed,
Abdulrauf,2026-02-24,B1,,Word order game,GAM,Word Order,Word order game ," The initial capital makes the first word obvious, reducing difficulty and conflicting with the Word Order rule on handling capitalization.",,Show all words in lowercase during the activity and also remove the full stop,High,Fixed,
Yeşim,2026-02-25,A2,5,right,DEF,Match,right: towards the side of your body,"definition is not clear, it should be changed",,the opposite of left,Medium,Fixed,
Yeşim,2026-02-25,A2,5,need,DEF,Match,to must have something,"""to "" should be taken out",,must have something,Medium,Fixed,
Yeşim,2026-02-25,A2,5,left,DEF,Multiple Choice,left: towards the side of your body,"definition is not clear, it should be changed",,the opposite of right,Medium,Fixed,
Yeşim,2026-02-26,A2,5,cafe,DEF,Fill in Blank,Let's meet at the café.,the answer is given in the question.,,Let's meet at the ____________.,Medium,Fixed,
Yeşim,2026-02-26,A2,5,employ,EX,Listening,companies _____ fifty people.,Company should start with capital letter,,Companies ______________ fifty people.,Medium,Fixed,
Yeşim,2026-02-26,A2,5,a lot of,DEF,Listening,We have _____ homework today.,"in the options there are ""lots of"" and "" a lot of""",,"instead of ""lots of"" a few ca be an option",Medium,Fixed,
Yeşim,2026-02-26,A2,5,exciting,DEF,Listening,I think Istanbul is an _____ city.,"there is ""an"" before the word, so it is easy to guess the word",,a/ an before the noun can solve it,Medium,In Progress,
Yeşim,2026-02-27,A2,5,parks,DEF,Listening,There are many _____ in this city.,only plural word is the answer so it is easy to guess.,,make all the options plural,Medium,Fixed,
B,2026-02-27,B1,3,volunteer,EX,Multiple Choice,"
a person who works without pay to help others1
someone whose job is writing news stories for newspapers or TV2
a person who creates something new for the first time3
someone who designs clothes, buildings, or products","lacks parallel structure,  no good distractor",,"A) a person who works without pay to help others
B) a person who works in a hospital
C) a person who gets paid for helping
D) a student who works to get experience",Medium,Fixed,
B,2026-02-27,B1,3,donation,EX,Multiple Choice,"money or things that are given to help others1
an organisation that helps people in need2
time when you are not working or studying and can relax or travel3
strong, sudden movement of air during a flight","lacks parallel structure,  no good distractor",,"A) money or things that are given to help others
B) an organisation that helps people in need
C) money you borrow from a bank
D) a payment you make for something",Medium,Fixed,
B,2026-02-27,B1,3,the sales,EX,Multiple Choice,"
a product that is cheaper or has a special price1
a time when many things are sold more cheaply2
a degree you get after studying at university3
using a situation or person for your own benefit4
",,,"A) a time when many things are sold more cheaply
B) a product with a special price
C) money a shop makes in one day
D) people who work in a shop",Medium,Fixed,
B,2026-02-27,B1,3,the sales,DEF,Multiple Choice,"I always wait for the sales to buy clothes.
noun phrase",not a noun Phrase,,must be noun only,Medium,Fixed,
B,2026-02-27,B1,2,create,EX,Multiple Choice,"to go or come back to a place1
to stay in the same place or condition2
to make or design something new3
to reserve a seat, room, ticket, etc","lacks parallel structure,  no good distractor",,"A) to make or design something new
B) to improve something that already exists
C) to repair something
D) to copy something",Medium,Fixed,
B,2026-02-27,B1,3,creativity,EX,Multiple Choice,"moving on a board with wheels1
things that you own2
the ability to have new and interesting ideas3
the study of designing and building machines, roads, or bridges4
",,,"A) the ability to have new and interesting ideas
B) the ability to solve difficult maths problems
C) the skill of working very quickly
D) the talent for remembering information",Medium,Fixed,
B,2026-02-27,B1,3, attention,DEF,Multiple Choice,Please pay attention in class.,to ask it as a phrase would be better.  ´Pay attention´,,"Please pay attention in class.

A) to watch, listen, or think carefully
B) to pay money for something
C) to speak loudly in class
D) to finish your work quickly",Medium,Fixed,
B,2026-02-27,,,confident,EX,Multiple Choice,confident feeling that you can do something well,,,"A) the feeling that you can do something well
B) the ability to speak very fast
C) the skill of using difficult words
D) the experience of speaking in public",Medium,Fixed,
B,2026-02-27,B1,3,give me directions ,DEF,Multiple Choice,Can you give me directions to the station?, phrase was not underlined,,Can you give me directions to the station?,Medium,Fixed,
B,2026-02-27,,,can't afford ,DEF,Multiple Choice,I can't afford a new laptop.,the word cant musnt be highligted and it is not a verb phrase,,"afford  \ 
to  have enough money to buy something
",Medium,Fixed,
B,2026-02-27,B1,3,afford ,EX,Multiple Choice,to (not) have enough money to buy something,,,please delete ´not´,Medium,Fixed,
B,2026-02-27,B1,3,borrow,EX,Multiple Choice,"
to not like something or someone1
to reserve a seat, room, ticket, etc.2
to take something for a time and then give it back3
to tell people each other's names, or bring in something new",,,"A) to take something for a time and then give it back
B) to give something to someone permanently
C) to buy something from someone
D) to lend something to someone",Medium,Fixed,
B,2026-02-27,B1,3,quit,EX,Multiple Choice,"to see and talk to someone, often for the first time1 to stop doing something or to leave a job2 to allow someone to do something3 to stop having something; to misplace something4",,,"A) to stop doing something or to leave a job
B) to change your job
C) to lose your job
D) to take a short break from work",Medium,Fixed,
B,2026-02-27,B1,3,save up,EX,Fill in Blank,"
deal with1
carry on2
turn down3
saving up for ",,,"
A) saving up for
B) looking after
C) turning down
D) carrying on",Medium,Fixed,
B,2026-02-27,B1,3,give me directions ,DEF,Fill in Blank,Can you give me directions to the station?,,,there is no blank in the sentence.,Medium,Fixed,
B,2026-02-27,B1,4,earrings,SPL,Match,earings,,,earrings,Medium,Fixed,
B,2026-02-27,B1,4,go to the,,Match,,“go to the” is repeated twice in one set.,,,Medium,Fixed,
B,2026-02-27,B1,4,ability,EX,Multiple Choice,,distractor quality,,"A) the power or skill to do something
B) a natural talent for art or music
C) knowledge you learn at school
D) experience from working many years",Medium,Fixed,
B,2026-02-27,B1,4,skilful,DEF,Multiple Choice,,the word is not highlighted,,,Medium,Fixed,
B,2026-02-27,B1,4,tend to,EX,Multiple Choice,"I tend to study late at night.

to open your suitcases and take everything out1
to get off one train and get on another2
to usually do something or often be in a state3
to get on a train or plane4
",the options are too unrelated,,"A) to usually do something
B) to decide to do something
C) to try to do something
D) to plan to do something",Medium,Fixed,
B,2026-02-27,B1,4,get a new outfit,,,"She wants to get a new outfit for the party.

to buy new clothes that go together1
to decide to marry someone2
to borrow money from a bank or company3
to contact someone by phone, email, or message4
",too unrelated options ,,"A) to buy new clothes that go together
B) to try on different clothes
C) to design your own clothes
D) to change your clothes quickly",Medium,Fixed,
B,2026-02-27,B1,4,scarf,DEF,Multiple Choice,,both the def. and ex. problem,,"She wore a scarf because it was cold and windy.
A) a piece of cloth worn around the neck or head for warmth or fashion
B) a thick winter coat
C) gloves worn on the hands
D) a small hat",Medium,Fixed,
B,2026-02-27,B1,4,go to the hairdresser,EX,Fill in Blank,"I will go to the hairdresser on Saturday.
get engaged
be like
go on a diet
go to the
",the correct option is incomplete,,please ad the word ´hairdresser´ to the correct option,Medium,Fixed,
B,2026-02-27,,4,look my best,EX,Fill in Blank,I want to look my best for the interview.,,,She spent an hour choosing her clothes because she wanted to ______ at the party.,Medium,Fixed,
B,2026-02-27,B1,4,suit,EX,Fill in Blank,"suntan lotion1
suit2
top3
sunglasses4
",stronger distractors,,"A) a jacket and trousers made from the same material
B) a casual sports outfit
C) a long winter coat
D) a uniform worn at school",Medium,Fixed,
B,2026-02-27,B1,4,get a new outfit,,Fill in Blank,"She wants to get a new outfit for the party.
get better1
get a2
get engaged3
get support4
",the correct option is missing a word,,"She wants to get a new outfit for the party.
get better
get a new outfit
get engaged
get support",Medium,Fixed,
B,2026-02-27,B1,4,looking around,EX,Fill in Blank,"We spent the afternoon looking around the town.
look around1
hand in2
look forward to3
put back4
",,,"We spent the afternoon _________ the town.
A) looking around
B) handing in
C) looking forward to
D) putting back",Medium,Fixed,
Abdulrauf,2026-02-28,B1,9,manage,DEF,Match,to succeed in doing something difficult,"The definition belongs to “manage to”, not “manage”.",,“to be in charge of or control something”,High,Fixed,
Abdulrauf,2026-02-28,B1,9,shyness,DEF,Match,“the feeling of being nervous and not confident with people”," Definition describes “shy”, not “shyness”, and does not match the noun form.",, “the feeling of being uncomfortable or embarrassed around other people”,Medium,Fixed,
Abdulrauf,2026-02-28,B1,9,pass your exams,DEF,Match,“to do well in your tests or exams”,Passing an exam does not mean doing well; definition is inaccurate.,,“to succeed in a test or exam”,Medium,Fixed,
Abdulrauf,2026-02-28,B1,9,hand in an essay,DEF,Match,“to give your essay to the teacher on time”," Definition adds unnecessary requirement (“on time”), making meaning inaccurate. Adding “on time” introduces an unnecessary demand.
The phrase simply means submit, regardless of timing.",,“to give your essay to your teacher”,Medium,Fixed,
Abdulrauf,2026-02-28,B1,9,law,DEF,Multiple Choice,“the system of rules that a country or place uses”,Wording slightly unnatural,,“the system of rules that people in a country must follow”,Medium,Fixed,
Abdulrauf,2026-02-28,B1,9,psychology,GAM,Multiple Choice,"Distractors include definitions for “trust,” “engineering,” and “talent.”",Distractors are not plausible ,,"Replace with related but incorrect definitions, e.g., “the study of the brain’s physical structure,” “the study of human behaviour,” etc.",Medium,Fixed,
Abdulrauf,2026-02-28,B1,9,psychology,DEF,Multiple Choice,“the study of the mind and how it works”,"Good definition, but could be made more precise by adding “scientific study.",,“the scientific study of the mind and how it works”,Medium,Fixed,
Abdulrauf,2026-02-28,B1,9,medicine,GAM,Multiple Choice, “He is studying medicine.”; Key option = “medicine or treatment used to make people well again.”, the correct option repeats the target word (“medicine”) making the item too easy.,,Paraphrase the key to remove the repeated word,High,Fixed,
Abdulrauf,2026-02-28,B1,9,place,GAM,Fill in Blank,"Definition shown: “a particular area, building, or position”
Stem: “We found a quiet _______ to study.”
Options: park / street / place / kitchen",Sentence context allows multiple plausible answers,,"Keep options, adjust stem to block specific locations:

“We need a quiet _______ indoors to study.”",Medium,Fixed,
Abdulrauf,2026-02-28,B1,9,get into university,GAM,Fill in Blank,Definition: “to be accepted by a university”,The sentence allows multiple plausible completions,,Constrain the stem so only the target phrase fits “She was happy to ______ after her application was accepted.”,Medium,Fixed,
Abdulrauf,2026-02-28,B1,9,Being away from family can be difficult. (word order item),GAM,Word Order,: Word tiles include “Being” (capitalized) and “difficult.” (with full stop).," Capitalization and punctuation reveal the first and last word of the sentence, making the item too easy ",,Remove capitalization and punctuation from all tiles. ,High,Fixed,
Abdulrauf,2026-02-28,B1,9,They had a disagreement about money.,GAM,Word Order,Tiles include “They” (capitalized) and “money.” (with a full stop).," Capitalization and punctuation reveal the first and last word, making the puzzle easy",,Remove capitalization and punctuation from all tiles during the game.,High,Fixed,
Abdulrauf,2026-02-28,B1,9,multiple words — UK audio failing),GAM,Pronunciation," UK pronunciation audio does not play ""bakery"" """,The audio either fails to play,,Verify UK audio files for all Unit 9 ,Medium,Fixed,
Abdulrauf,2026-03-01,B1,10,headphone,GAM,Match,“(usually headphones) a device you wear over your ears to listen to sound”,"the definition contains the target word (“headphones”), allowing students to match by spotting the repeated word instead of knowing the meaning.",,"Remove the word from the definition.
Suggested definition:
 “a device you wear over your ears to listen to sound”",High,Fixed,
Abdulrauf,2026-03-01,B1,10,the nicest,DEF,Match,“the most nice; better than all others”, Definition contains incorrect English.,, ”better than all others”,High,Fixed,
Abdulrauf,2026-03-01,B1,10,is that right,SPL,Match,“is that right”,Missing a question mark. Phrase is a question and must appear as “Is that right?”,,Change to “Is that right?”,Medium,Fixed,
Abdulrauf,2026-03-01,B1,10,would you mind,SPL,Match,“would you mind”,Missing question mark for a question form,,Change to “Would you mind?,High,Fixed,
Abdulrauf,2026-03-01,B1,10,(highlight missing — unknown),GAM,Multiple Choice, “Please charge the computer before class.”,"The highlighted word is missing, causing the MCQ to be unsolvable. Students cannot know which word to define.",,Ensure the target word (“charge”) is visibly highlighted in the sentence,High,Fixed,
Abdulrauf,2026-03-01,B1,10,They talked for most of the evening.,GAM,Word Order,They talked for most of the evening., Capital letter and final punctuation give away sentence boundaries. Students can identify first and last word without knowing word order.,,Remove capitalization and punctuation from all tiles during gameplay,Medium,Fixed,
Abdulrauf,2026-03-01,B1,10,most of the evening,GAM,Multiple Choice,Distractors unrelated to time expressions,Distractors are not plausible making the question too easy by elimination.,, Replace distractors with time‑related but incorrect phrases,Medium,check it out agian please ,
Abdulrauf,2026-03-01,B1,11, have you ever,SPL,Multiple Choice,“have you ever”,Missing capitalization and question mark for a question form; should be presented as a question pattern.,,Change to “Have you ever…?”,Medium,check it out agian please ,
Yeşim,2026-03-04,A2,6,ate,DEF,Match,ate: ate something,definition gives the answer,,ate: had food in the past,Medium,Fixed,
Yeşim,2026-03-04,A2,6,electronic,DEF,Match,electronic: using electricity or electric parts,answer is in the definition,,electricity: using electricity or computer technology,Medium,Open,checked
Yeşim,2026-03-04,A2,6,give,DEF,Match,give: to give sth to smo,answer is in the definition,,give: to pass sth to smo,Medium,Fixed,
Yeşim,2026-03-04,A2,6,experience,DEF,Match,experience: sth that happens to you,not a clear definition,,experience: knowledge or skill gained over time,Medium,Fixed,
Yeşim,2026-03-04,A2,6,arrived at home,EX,Multiple Choice,I just arrived at home,arrive cannot be used with at when the next word is home,,I just arrived home.,Medium,Fixed,
Yeşim,2026-03-04,A2,6,an order,EX,Fill in Blank,I'd like to place an_______  for two pizzas.,"all the words in options start with a consonant, except the answer. So it is easy to guess the answer.",,I'd like to place a / an_______  for two pizzas.,Medium,In Progress,
Yeşim,2026-03-04,A2,6,i letter,EX,Word Order,i like electronic music,"the letter ""I"" is ""i"" in all sentences even whe it is the Subject of the sentence.",,"the letter ""i"" should be big letter ""I"" in all the example sentences which have ""i"" in them. ",Medium,Fixed,
Yeşim,2026-03-04,A2,6,ankara,EX,Word Order,my aunt lives in ankara.,ankara is a private name. It should be capitalized.  ,,my aunt lives in Ankara.,Medium,Fixed,
Yeşim,2026-03-04,A2,2,unusual,EX,Listening,That is an _____ name.,"all the words in options start with a consonant, except the answer. So it is easy to guess the answer.",,That is a/ an _____ name.,Medium,In Progress,
Yeşim,2026-03-04,A2,3,sounds,EX,Listening,We will _____ in a hotel.,"all options except ""sounds"" dont have ""s""",,a)sound   b)stay    c)improve    d)fail,Medium,Fixed,
Yeşim,2026-03-04,A2,3,parents,EX,Multiple Choice,My _____ live in another city.,"all options are singular, only the answer is olural so it is easy to guess the answer.",,a)parents   b) grandaughters c) uncles   d) families,Medium,Fixed,
Yeşim,2026-03-04,A2,3,sounds,EX,Listening,I want to _____ you to my birthday party.,"all options except ""sounds"" dont have ""s""",,a) invite    b) sound  c)walk   d) recommend,Medium,Fixed,
Yeşim,2026-03-04,A2,4,seems;as heard as,EX,Multiple Choice,I weigh 70 kilos.,all options are in infinitive form except seems,,a) to seem   b) to have or measure on a certain weight   c)to have enough money to buy sth  d)to use sth,Medium,,
Yeşim,2026-03-04,A2,4,ghosts,EX,Multiple Choice,ghosts appear in the sky.,ghosts should be written with a capital letter,,Ghosts appear in the sky.,Medium,Fixed,
Yeşim,2026-03-04,A2,4,fruit - melon,EX,Listening,We need two _____ for the cake.,"two options are singular, two options are plural. that makes it east to guess the answer",,a)potatoes  b) lemons   c) fruit    d) melons,Medium,Fixed,
Yeşim,2026-03-04,A2,5,road-bridge,EX,Fill in Blank,Be careful when you cross the road,two options  (bridge - road) can be the answer,,a)possession b) road c) plane d)idea,Medium,,
Parisa,2026-03-06,B2,7,shot,SPL,Match,shot,"must be ""shoot""",,change the spelling,High,Fixed,
Parisa,2026-03-06,B2,7,parking space,EX,Multiple Choice,it is hard to find a parking space,all options are description of a place except for a person who...,,"change the option to ""a place where cars are repaired""",Medium,Fixed,
Parisa,2026-03-06,B2,7,cut down on,EX,Multiple Choice,I'm trying to cut down on sugar,2 of the distractors are unrelated: 1. to go to bed... 2. to make a place untidy,,"change them maybe to : 1. to stop doing something completely
2. to use something in a careful or limited way",Medium,Fixed,
Parisa,2026-03-06,B2,7,turn down,DEF,Multiple Choice,I had to turn the job offer down,the phrase is not highlighted,,highlight the phrase,Low,Fixed,
Parisa,2026-03-06,B2,7,get down,DEF,Multiple Choice,the bad weather is getting me down,the phrase is not highlighted,,highlight the phrase,Low,Fixed,
Parisa,2026-03-06,B2,7,passage,POS,Multiple Choice,Our classroom is at the end of the passage,the example is not natural,,change the sentence: There is a narrow passage between the two buildings,Medium,Fixed,
Parisa,2026-03-06,B2,7,settle down,EX,Listening,they ___ after they had children,the verb should be in past tense,,change the options to past tense,Medium,Fixed,
Parisa,2026-03-06,B2,7,be cut,EX,Listening,that scene ____  from the final version.,the verb should be in past tense,,change the options to past tense,Medium,Fixed,
Parisa,2026-03-06,B2,7,get down,EX,Listening,the bad weather is getting me down,the blank is already filled and the options are not in correct tense,,"The bad weather is ____ me ____.
A) getting down B) getting across C) getting away with D) getting over",Medium,Fixed,
Parisa,2026-03-06,B2,7,capture,EX,Listening,this moment ___ on film.,the verb should be in passive form,,change the options to passive. also the distractors are very different from the answer. make them relevant,Medium,Fixed,
Parisa,2026-03-06,B2,7,bunglow,EX,Listening,My grandparents live in a ____ .,the distractor a terraced house can be also correct,,A) bungalow B) cinema C) river D) storage,Medium,Fixed,
Parisa,2026-03-06,B2,7,be cut,EX,Fill in Blank,that scene ____  from the final version.,the verb should be in past tense,,change the options to past tense,Medium,Fixed,
Parisa,2026-03-06,B2,7,crew,EX,Fill in Blank,the film ____ arrived early to set up.,the example is incomplete. set up what? also crew was the wrong answer before and cast was correct. ,,The film crew arrived early to set up the cameras and lights.,High,Fixed,
Parisa,2026-03-06,B2,7,presenter,POS,Fill in Blank,The ____ asked some difficult questions.,the example doesn't clearly point to presenter,,The presenter asked the guest some difficult questions during the live TV show,Medium,Fixed,
Parisa,2026-03-06,B2,7,terraced house,EX,Fill in Blank,they bought a small _______.,"the distractor can be correct as well ""detached house""",,A) passage B) garage C) terraced house D) lobby,Medium,Fixed,
Parisa,2026-03-06,B2,7,be broadcast,EX,Word Order,the interview will be prodcast tomorrow,the tense is not correct,,change it to passive,Medium,Fixed,
Parisa,2026-03-06,B2,8,take health for granted,POS,Match,take health for granted,it should be take something for granted,,change health to something:✅ take something for granted✅,Medium,Fixed,
Parisa,2026-03-06,B2,8,grant,POS,Multiple Choice,the university awarded her a grant,the whole sentence is highlighted,,highlight only grant,Low,Fixed,
Parisa,2026-03-06,B2,8,kidnap,POS,Multiple Choice,The child was ______,the tense should be p.p,,A) discovered B) kidnapped ✅C) followed D) questioned,Medium,Fixed,
Parisa,2026-03-06,B2,8,take pride in,POS,Multiple Choice,he ______ in his work.,the tense is not right again.,,A) takes pride in✅ B) takes an interest in C) takes my word for it D) takes care of,Medium,Fixed,
Parisa,2026-03-06,B2,8,steal,EX,Multiple Choice,Someone stole my phone.,the answer is given and there is no blanl. plus the options tenses are not correct,,Someone ____ my phone. A) stole B) encouraged C) fainted D) cheered,Medium,Fixed,
Parisa,2026-03-06,B2,8,shoplift,POS,Multiple Choice,two teenagers were caught _____,the tense is not correct,,A) financing B) disappearing C) shoplifting D) running,Medium,Fixed,
Parisa,2026-03-06,B2,8,rob,POS,Multiple Choice,They _____ a small shop.,the tense is not correct,,change the option tenses: past tense here,Medium,Fixed,
Parisa,2026-03-06,B2,8,to take this warning seriously,EX,Spelling,to think that something or someone is important and treat them that way,the word is an example ,,it should change to to take something/someone seriously,Medium,Won't Fix,
Parisa,2026-03-06,B2,8,steal,EX,Fill in Blank,Someone stole my phone.,1)the answer is given and there is no blanl. 2) the options tenses are not correct 3) after steal it doeasnt go to next,,Someone stole my phone. A) encouraged B) dived C) stole D) refused,Medium,Fixed,
Bihter,2026-03-06,B1,5,work in ,DEF,Match,to work together with other people,wrong definition,,"to have a job in a place, company, or field",Medium,Fixed,
Bihter,2026-03-06,B1,,a university degree,DEF,Match,a degree you get after studying at university,,,a certificate you get after finishing university studies,Medium,Fixed,
Bihter,2026-03-06,,5,increase,DEF,Multiple Choice,"to become bigger or more, or to make something do this1
to damage something so badly that it cannot be used2
to give someone a job3
to grow or to make something grow and become better",,,"A) to become bigger or more, or to make something do this ✅
B) to damage something so badly that it cannot be used
C) to give someone a job
D) to make something smaller or less",Medium,Fixed,
Bihter,2026-03-06,B1,5,rely on,EX,Multiple Choice,You can rely on me.,,,You can rely on her when you have a problem.,Medium,Fixed,
Bihter,2026-03-06,B1,5,banker,DEF,Multiple Choice,"My sister is a banker in London.
noun
someone who helps with office work, emails, and phone calls1
a person who works without pay to help others2
a person you work with3
someone who works in a bank",both the def. and options corrected,,"My sister is a banker in London, and she helps people manage their money.

A) someone who helps with office work, emails, and phone calls
B) a person who works without pay to help others
C) someone who drives a taxi for a job
D) someone who works in a bank ✅",Medium,Fixed,
Bihter,2026-03-06,B1,5,carer,DEF,Multiple Choice,"The carer visits her patients every day.
someone who looks after sick, old, or disabled people1
a human being2
someone whose job is writing news stories for newspapers or TV3
a student or trainee who works to get experience",,,"The carer visits her patients every day.

A) someone who looks after sick, old, or disabled people ✅
B) someone who designs clothes, buildings, or products
C) someone whose job is writing news stories for newspapers or TV
D) a student or trainee who works to get experience",Medium,Fixed,
Bihter,2026-03-06,B1,5,have a nice working environment.,DEF,Multiple Choice,"It's important to have a nice working environment.

to do something exciting, often in a new or dangerous place1
to remove hair from the face or body2
to have many different abilities3
to work in a place that feels pleasant and comfortable",,,"It's important to have a nice working environment.

have a nice working environment (verb phrase)

A) to do something exciting, often in a new or dangerous place
B) to remove hair from the face or body
C) to work many hours in a day
D) to work in a place that feels pleasant and comfortable ✅",Medium,Fixed,
Bihter,2026-03-06,B1,5,scary,EX,Multiple Choice,The story was scary.,,,The story was so scary that I couldn't sleep at night.,Medium,Fixed,
Bihter,2026-03-06,B1,5,decrease,EX,Multiple Choice,The number of students decreased.,,,The number of students decreased after the school increased its fees.,Medium,Fixed,
Bihter,2026-03-06,B1,5,extreme,DEF,Multiple Choice,"difficult to understand1
very great in degree; very strong or serious2
difficult to understand or follow3
feeling calm and not worried",,,"A) difficult to understand
B) very great in degree; very strong or serious ✅
C) quiet and calm
D) feeling calm and not worried",Medium,Fixed,
Bihter,2026-03-06,B1,5,musician,DEF,Multiple Choice,"someone who plays a musical instrument or writes music1
someone whose job is writing news stories for newspapers or TV2
a human being3
someone who builds houses or other buildings",,,"A) someone who plays a musical instrument or writes music ✅
B) someone whose job is writing news stories for newspapers or TV
C) someone who works in a bank
D) someone who builds houses or other buildings",Medium,Fixed,
Bihter,2026-03-06,B1,5, have a nice working environment.,EX,Fill in Blank,"It's important to _______. 
",,,"It's important to _________ at work.

",Medium,Fixed,
Bihter,2026-03-06,,6,regularly,DEF,Match,often and at regular times,,,"many times, not just once.",Medium,Fixed,
Bihter,2026-03-06,B1,6,scuba diver,DEF,Multiple Choice,"someone whose job is to fix water pipes and bathrooms1
someone whose job is to design or build machines, roads, or bridges2
a human being3
a person who swims under water with special equipment4
",,,"A) someone whose job is to fix water pipes and bathrooms
B) someone whose job is to design or build machines, roads, or bridges
C) someone who works on a ship
D) a person who swims under water with special equipment ✅",Medium,Fixed,
Bihter,2026-03-06,B1,6,spend on,EX,Multiple Choice,I spend too much on coffee.,the word not highlighted,,please highlight the target word- spend on,Medium,Fixed,
Bihter,2026-03-06,B1,6,borrow,EX,Multiple Choice,I often borrow books from my friends.,not highlighted,,please highlight the target word- borrow,Medium,Fixed,
Parisa,2026-03-08,B2,8,grant,EX,Fill in Blank,____,There is no example. it shows after you choose the correct option,,"The university awarded her a _____.
",Medium,Fixed,
Parisa,2026-03-08,B2,8,cheat,POS,Fill in Blank,He _____ in the exam.,the options aree not in correct tense,,A) deteriorated B) decreased C) hunted D) cheated,Medium,Fixed,
Parisa,2026-03-08,B2,8,investment,EX,Word Order,buying that flat was a good investment,even the answer is correct it shows as wrong,,make sure it is evaluating it correctly,Medium,Fixed,
Parisa,2026-03-08,B2,9,developing a disease,EX,Match,More people are developing this disease each year.,not highlighted,,please highlight the targeted word,Medium,Fixed,
Parisa,2026-03-08,B2,9,realise,POS,Listening,I ________ I was was on a wrong train,the options aree not in correct tense,,A) disappeared B) hunted C) increased D) realised,Medium,Fixed,
Parisa,2026-03-08,B2,9,come up with,POS,Listening,She _____ a great solution.,1. the options aree not in correct tense 2. two options are the same in this case the correct option,,A) resulted in B) looked down on C) dropped out D) came up with,Medium,Fixed,
Parisa,2026-03-08,B2,9,come to the conclusion,POS,Listening,We _____ that we needed more time.,the options aree not in correct tense,,change the tenses to past : A) faced a difficult choice B) came to the concluion C) accused D) were arrested,Medium,Fixed,
Parisa,2026-03-08,B2,9,strain,POS,Fill in Blank,I _____ my back lifting that heavy box.,the options aree not in correct tense,,A) strained B) carried C) lifted D) dropped,Medium,Fixed,
Parisa,2026-03-08,B2,9,suspects,POS,Fill in Blank,The police questioned three suspects.,the options should be plural not singular,,"A) kidnappers
B) thieves
C) liars
D) suspects",Medium,Fixed,
Parisa,2026-03-08,B2,9,come to ,DEF,Fill in Blank,He fainted but came to a few minutes later.,the word is wrong or incomplete aslo the options are not in correct tense,,A) came to B) woke up C) revived D) regained,Medium,Fixed,
Parisa,2026-03-08,B2,9,lose conciesness,EX,Fill in Blank,He fell and lost consciousness for a few minutes.,the options aree not in correct tense,,A) lost consciousness B) woke up C) stood up D) calmed down,Medium,Fixed,
Parisa,2026-03-08,B2,9,infection,EX,Fill in Blank,The doctor gave me medicine for the infection.,there are two possible answers: cough and infection,,A) infection B) accident C) pandemic D) fracture,Medium,Fixed,
Parisa,2026-03-08,B2,9,shiver,EX,Fill in Blank,she was ______,the options are not in correct tense and the example sentence is not c;ear enough,,She was ______ because it was freezing outside. A) shivering B) smiling C) whispering D) typing,Medium,Fixed,
Parisa,2026-03-08,B2,9,pass out,EX,Word Order,He got so hot on the train that he almost passed out.,even though the answer is right it shows as incorrect,,make sure it is evaluating it correctly,Medium,Fixed,
Parisa,2026-03-08,B2,9,bruise,SPL,Word Order,i got a big bruise,change the spelling of I,,I got a big bruise on my leg.,Medium,Fixed,
Parisa,2026-03-08,B2,9,dizzy,SPL,Word Order,i got dizzy when i stood up quickly,change the spelling of I,,I got dizzy when I stood up quickly,Medium,Fixed,
Parisa,2026-03-08,B2,9,entreprenuer,EX,Word Order,She's a successful entrepreneur in the tech industry.,even though the answer is right it shows as incorrect,,make sure it is evaluating it correctly,Medium,Fixed,
Parisa,2026-03-08,B2,9,pale,EX,Word Order,are you feeling ok you look pale,even though the answer is right it shows as incorrect and a question mark is missing,,"you look pale, Are you feeling ok? ",Medium,Fixed,
Parisa,2026-03-08,B2,8,come down with,EX,Multiple Choice,He's _____ and can't go to work.,the options are not correct tense,,He's _____ with flu and can't go to work. :  A) kept up B) figured out C) died out D) come down ,Medium,Fixed,
Parisa,2026-03-08,B2,8,come true,EX,Multiple Choice,Her dream of studying abroad finally _____.,the options are not correct tense,,change to past: A) dropped out B) looked down on C) came true D) threw away,Medium,Fixed,
Parisa,2026-03-08,B2,8,pass out,EX,Multiple Choice,He got so hot on the train that he almost _____.,the options are not correct tense,,"A) took off
B) calmed down
C) turned out to be
D) passed out",,Fixed,
Parisa,2026-03-08,B2,9,realise,POS,Multiple Choice,I _____ I was on the wrong train.,the options are not correct tense,,"A) took out
B) realised
C) refused
D) declined",Medium,Fixed,
Parisa,2026-03-08,B2,9,develop a disease,POS,Listening,More people are developing this disease each year.,there is no blank answer already given and wrong tense,,More people are _____ this disease each year. A) developing  B) cutting C) stuck with D) working out,Medium,Fixed,
Parisa,2026-03-08,B2,9,faint,POS,Listening,She felt weak and _____ in the heat.,the options are not correct tense,,A) killed B) fainted C) updated D) cheered,Medium,Fixed,
Parisa,2026-03-08,B2,9,come up,POS,Listening,Something urgent _____ at work.,the options are not correct tense,,A) kept to B) came up C) came up with D) turned up,Medium,Fixed,
Parisa,2026-03-08,B2,9,bump your head,POS,Fill in Blank,I bumped my head on the cupboard door.,the options are not correct tense,,A) believed in B) competed with C) her face fell when D) bumped my head,Medium,Fixed,
Parisa,2026-03-08,B2,9,come accross,POS,Listening,I _____ an interesting article online.,the options are not correct tense,,A) kept to B) came across C) sat down D) resulted in,Medium,Fixed,
Parisa,2026-03-08,B2,8,refuse,POS,Listening,She _____ to answer the question.,the options are not correct tense,,A) revived B) refused C) trapped D) admired,Medium,Fixed,
Parisa,2026-03-08,B2,8,take pleasure in,POS,Listening,She _____ helping other people.,the options are not correct tense,,A) takes pleasure in B) takes an interest in C) takes this warning seriously D) takes pride in,Medium,Fixed,
Parisa,2026-03-08,B2,8,broke into,POS,Fill in Blank,"Someone broke into their house last night.
",the options are not correct tense,,A) kept to B) broke into C) stayed up D) died out,Medium,Fixed,
Parisa,2026-03-08,B2,8,burgle,POS,Fill in Blank,Someone burgled our neighbours' house.,the options are not correct tense,,A) burgled B) deteriorated C) tackled D) pursued,Medium,Fixed,
Parisa,2026-03-08,B2,8,make a living,POS,Fill in Blank,He makes a living by teaching English.,the options are not correct tense,,A) makes a living B) makes a difference C) makes up his mind D) makes the best of,Medium,Fixed,
Parisa,2026-03-08,B2,8,pay off,POS,Fill in Blank,She finally paid off her student loan.,the options are not correct tense,,A) paid off B) broke up C) looked up to D) sat down,Medium,Fixed,
Parisa,2026-03-08,B2,8,lie,POS,Fill in Blank,She lied about her age.,the options are not correct tense,,A) encouraged B) led C) lied D) mentioned,Medium,Fixed,
Parisa,2026-03-08,B2,8,be arrested,POS,Fill in Blank,The man was arrested outside his house.,the options are not correct tense,,A) was arrested B) focused on C) couldn’t face D) faced the fact,Medium,Fixed,
Parisa,2026-03-08,B2,8,murderer,POS,Fill in Blank,The murderer was caught by the police.,2 possible correct answer,,A) murderer B) bribery C) student D) security,Medium,Fixed,
Parisa,2026-03-08,B2,8,accuse,POS,Fill in Blank,He was accused of stealing the car.,the options are not correct tense,,A) managed B) kept C) lost D) accused,Medium,Fixed,
Parisa,2026-03-08,B2,8,break into,POS,Fill in Blank,Someone broke into their house last night.,the options are not correct tense,,A) broke into B) picked up C) looked down on D) drank up,Medium,Fixed,
Parisa,2026-03-08,B2,8,put aside,POS,Fill in Blank,I put aside some money every month.,the options are not correct tense,,A) put aside B) look into C) come up with D) add up,Medium,Fixed,
Parisa,2026-03-08,B2,8,witness,POS,Fill in Blank,The witness ____________,wrong blank,,A) witness B) judge C) security D) suspect,Medium,Fixed,
Parisa,2026-03-08,B2,7,viewer,POS,Fill in Blank,Each episode gets millions of _____.,the options are not correct form,,A) referees B) editors C) directors D) viewers,Medium,Fixed,
Parisa,2026-03-08,B2,7,semi-detached house,POS,Fill in Blank,The family moved into a semi-detached house.,the options are too similiar,,A) shop B) terrace C) semi-detached house D) warehouse,Medium,Fixed,
Parisa,2026-03-08,B2,7,calm down,POS,Fill in Blank,____,The example is missing,,He calmed down after a few minutes.,Medium,Fixed,
Parisa,2026-03-08,B2,10,inexperienced,DEF,Match,having or not having much experience,def is not correct,,not having too much experience,Medium,Fixed,
Parisa,2026-03-08,B2,10,dishonest,DEF,Match,honest or not honest,def is not correct,,not honest,Medium,Fixed,
Parisa,2026-03-08,B2,10,unfortunate,DEF,Match,lucky or unlucky,def is not correct,,unlucky,Medium,Fixed,
Parisa,2026-03-08,B2,10,unexpected,DEF,Match,"happening or not happening when you think it will
",def is not correct,,not happening when you think it will,Medium,Fixed,
Parisa,2026-03-08,B2,10,illigal,DEF,Match,allowed or not allowed by law,def is not correct,,not allowed by law,Medium,Fixed,
Parisa,2026-03-08,B2,10,impossible,DEF,Match,"able or not able to happen or be done
",def is not correct,," not able to happen or be done
",Medium,Fixed,
Parisa,2026-03-08,B2,10,impolite,DEF,Match,polite or not polite,def is not correct,,not polite,Medium,Fixed,
Parisa,2026-03-08,B2,10,dissatisfied ,DEF,Match,happy or unhappy about something,def is not correct,,unhappy about something,Medium,Fixed,
Parisa,2026-03-08,B2,10,irrelevant,DEF,Match,coonected or not connected to the subject,def is not correct,,not connected to the subject,Medium,Fixed,
Parisa,2026-03-08,B2,10,informal,DEF,Match,serious and official or relaxed and friendly,def is not correct,, relaxed and friendly,Medium,Fixed,
Parisa,2026-03-08,B2,10,work on,POS,Fill in Blank,I'm _____ my pronunciation.,the options are not correct tense,,A) resulting in B) working on C) coming up with D) clearing up,Medium,Fixed,
Parisa,2026-03-08,B2,10,mention,POS,Fill in Blank,He mentioned your name in the meeting.,the options are not correct tense,,A) mentioned B) revived C) searched D) decreased,Medium,Fixed,
Parisa,2026-03-08,B2,10,tackle,POS,Fill in Blank,The government is tackling air pollution in the city.,the options are not correct tense,,A) performing B) killing C) sentencing D) tackling,Medium,Fixed,
Parisa,2026-03-08,B2,10,overcome,POS,Fill in Blank,He overcomes his fear of flying.,the options are not correct tense,,A) discovers B) overcomes C) admires D) represents,Medium,Fixed,
Parisa,2026-03-08,B2,10,overcomes,POS,Match,,it should be overcome not overcomes,,overcome,Medium,Fixed,
Parisa,2026-03-08,B2,7,slow down,POS,Fill in Blank,Traffic slows down in bad weather.,the options are not correct tense,,A) works on B) keeps to C) slows down D) looks up,Medium,Fixed,
Parisa,2026-03-08,B2,10,stuck with,POS,Fill in Blank,"We're stuck with this old printer until we get a new one.
",the phrase is not in blank,,A) resulting in B) working on C) coming up with D) clearing up,Medium,Fixed,
Bihter,2026-03-11,B1,6,improve,EX,Listening,"
Her English has _____ a lot.",,,He is studying hard and her English will definetely _____ a lot.,Medium,Fixed,
Bihter,2026-03-11,B1,6,lie,EX,Listening,He _____ about his age.,,,He may _____ about his age because he is under 18 and not allowed to drive a car.,Medium,Fixed,
Bihter,2026-03-11,B1,6,murder,EX,Listening,"He went to prison because he _____ a man.
",,,He went to prison because he tried to _____ a man.,Medium,Fixed,
Bihter,2026-03-11,B1,6,terrible,DEF,Listening,"The food was _____.
awful
horrible
terrible
unusual
",three possible correct answers. Also the ex. sentence is corrected.,,"The food was_______ so I couldnt finish it.
delicious
tasty
busy                                                                                                               terrible",Medium,Fixed,
Bihter,2026-03-11,B1,6,destroy,EX,Listening,The fire _____ their house.,,,The fire could _____ their house.,Medium,Fixed,
Bihter,2026-03-11,B1,6,hurt,EX,Listening,I _____ my back lifting the box.,,,I was lucky that I didnt ____ my back liftinf the box.,Medium,Fixed,
Bihter,2026-03-11,B1,6,borrow from,EX,Listening,I often borrow from my friends.,the word is already given in the sentence. ,,I often _________my friends.,Medium,Fixed,
Bihter,2026-03-08,B1,6,shark,EX,Fill in Blank,We saw shark at the aquarium.,article problem,,We saw a shark at the aquarium.,Medium,Fixed,
Bihter,2026-03-11,B1,6,murder,DEF,Fill in Blank,"He went to prison because he __a man.
kill
like
affect
murder",two possible correct answers,,"He went to prison because he __a man.
reply
destroy
affect
murder",Medium,Fixed,
Bihter,2026-03-11,B1,6,amazing,DEF,Fill in Blank,"The view from the hotel was ____.
wonderful
magnificent
delicious
amazing",three possible correct answers,,"amazing ✅
crowded
noisy
expensive",Medium,Fixed,
Abdulrauf,2026-03-11,B1,12,serious,DEF,Match,“very quiet and not joking; showing something is important”,"Definition incorrectly includes “very quiet,” which is not part of the meaning of “serious.”",, “not joking; thinking or speaking sincerely about something important.”,Medium,Fixed,
Yeşim,2026-04-05,B1+,1,put my feelings into words,PHV,Multiple Choice,It's hard to put my feelings into words.,the phrase is not underlined in the question.,,It' hard to put my feelings into words.,Medium,Fixed,
Yeşim,2026-04-05,B1,All units,ying and yang,DEF,Multiple Choice,"In yin and yang, yin is the dark, quiet side.",the phrase is not underlined in the question.,,the word 'yin' should be underlined in the question.,Medium,Fixed,
Yeşim,2026-04-05,B1,All units,works,SPL,Fill in Blank,Biology explains how the body w,the word 'works' is missing the entire letters.,,Biology explains how the body works.,Medium,Fixed,
Yeşim,2026-04-05,B1,All units,yin and yang,DEF,Fill in Blank,"In yin and yang, yin is the dark, quiet side.",answer is in the question.,,"In yin and yang, _________ is the dark, quiet side.",Medium,Fixed,
Yeşim,2026-04-05,B1,All units,yin and yang,SPL,Fill in Blank,d) ying,spelling mistake,,yin,Medium,Fixed,
Yeşim,2026-04-06,B1,All units,bottle,EX,Fill in Blank,There's bottle of water on the table.,There must be 'a' before bottle.,,There is a bottle of water on the table,Medium,Fixed,
Yeşim,2026-04-06,B1,All units,sometimes,DEF,Fill in Blank,on some days or at some times,answer is in the question.,on some days (leave some times out ),on some days (leave the entire part out),Medium,Fixed,
Yeşim,2026-04-06,B1,All units,hurt,DEF,Fill in Blank,I was lucky that I didnt hurt my back lifting the box.,target word is already given in the question.,,I was lucky that I didnt _________my back lifting the box.,Medium,Fixed,
Yeşim,2026-04-08,B1+,2,grade,DEF,Fill in Blank,My final grade was B+.,"in the options, there is a very similar word for grade,which is mark. One is American, other is British. Option should be changed",,a) grade b) point c)CV  d) qualification,Medium,In Progress,
Yeşim,2026-04-08,B1+,2,make a suggestion,EX,Fill in Blank,I'd like to make a suggestion about the project.,"all options except the answer is in gerund form. So, it is easy to guess the answer.",,a)get older   b) get old   c)be away  d) make a suggestion,High,Fixed,checked
Yeşim,2026-04-08,B1+,2,Employers,SPL,Fill in Blank,Employers must treat staff fairly.,only the answer starts with a capital letter so it makes it easy to guess the answer.,,a) employers  b)optimist   c)business contacts  d)sister,Low,Fixed,
Abdulrauf,2026-04-10,B2,5,realistic,DEF,Match,accepting things as they are and not dreaming too much,Definition is correct but informal and slightly unclear.,,accepting things as they are and not expecting impossible results,Medium,Fixed,
Abdulrauf,2026-04-10,B2,5,critical,DEF,Match,very important or showing disapproval,"Definition combines two different meanings of “critical,” causing ambiguity and possible confusion for learners.",,"Use only one meaning, e.g. “very important” or “showing disapproval of someone or something.”",Medium,Fixed,
Abdulrauf,2026-04-10,B2,5,reliable / responsible,DEF,Match,"Definitions for “reliable” and “responsible” both rely on “trusted,” creating semantic overlap.",Definitions are too similar and do not clearly distinguish reliability (dependability) from responsibility (doing the right thing).,,"reliable → “can be depended on to do things well or on time”
responsible → “showing good judgement and caring about your duties”",Medium,Fixed,
Abdulrauf,2026-04-10,B2,5,carbon footprint,DEF,Multiple Choice,the amount of carbon dioxide a person or activity produces,"Definition is simplified and incomplete; carbon footprint includes total greenhouse gas emissions, not only carbon dioxide",,"the total amount of greenhouse gases, especially carbon dioxide, produced by a person or activity.",Medium,Fixed,
Hicran,2026-04-09,B1+,3,,DEF,,Students cannot view correct answers for incorrectly answered questions in the class mode.,,,Students cannot view correct answers for incorrectly answered questions in the class mode.,Medium,Fixed,
Hicran,2026-04-09,B1+,3,,DEF,,No real-time scoring; students want to see their scores update instantly during the class mode.,,,No real-time scoring; students want to see their scores update instantly during the class mode.,Medium,Fixed,
Hicran,2026-04-09,B1+,3,,DEF,Multiple Choice,"Errors in hint sections (e.g., incorrect first letters).",,,"Errors in hint sections (e.g., incorrect first letters).",Medium,Fixed,
Hicran,2026-04-09,B1+,3,,EX,,,,,Multiple-choice issues persist: question prompts and answer options are identical or too similar.,Medium,Won't Fix,
Hicran,2026-04-09,B1+,3,,DEF,,Listening mode: some students still experience poor audio quality or no sound.,,,Listening mode: some students still experience poor audio quality or no sound.,Medium,Won't Fix,
Hicran,2026-04-09,B1+,3,,EX,,"In the assignment/test section, correct answers are not displayed for some students.",,,"In the assignment/test section, correct answers are not displayed for some students.",Medium,check it out agian please ,
Hicran,2026-04-09,B1+,3,,EX,,Teacher dashboard shows “error loading assignment.”,,,Teacher dashboard shows “error loading assignment.”,Medium,check it out agian please ,
Hicran,2026-04-09,B1+,3,,EX,,Completed assignments are not marked as “done” despite being finished by students.,,,Completed assignments are not marked as “done” despite being finished by students.,Medium,check it out agian please ,
Yeşim,2026-04-13,B1+,3,appearance,SPL,Match,appereance,the word is misspelled,,appearance is the correct word.,Medium,Fixed,
Yeşim,2026-04-13,B1+,3,city center,EX,Multiple Choice,We met in the city center.,the phrase should be asked together.,,We met in the city center.,Medium,Fixed,
Yeşim,2026-04-13,B1+,3,feel,DEF,Multiple Choice,started something,"all options are in infinitive form, only one option is in past form.",,to start something,Medium,check it out agian please ,
Yeşim,2026-04-13,B1+,3,lose,DEF,Multiple Choice,"If you lose your key, call me.","all options are in infinitive form, only one option is in past form.",,to start something,Medium,check it out agian please ,
Yeşim,2026-04-13,B1+,3,,,Listening,,the missing words parts are double lined.,,There should be only one line for all missing words.,Medium,In Progress,
Yeşim,2026-04-13,B1+,3,visit,DEF,Fill in Blank,We will visit your home next week.,target word is already given,,We will _______your home next week.,Medium,In Progress,
Yeşim,2026-04-13,B1+,3,possibly,DEF,Fill in Blank,I will possibly come on Friday.,there is 'maybe' in the option which very close to the answer.,,"instead of maybe, the option can be : definitely",Medium,In Progress,
Yeşim,2026-04-13,B1+,3,baseball,DEF,Fill in Blank,I watch baseball on TV.,target word is already given,,I watch__________ on TV.,Medium,Fixed,
Yeşim,2026-04-13,B1+,3,baseball,SPL,Fill in Blank,basebool,misspelled word in the options,,baseball,Medium,Fixed,
Yeşim,2026-04-14,B1,all units,,,Listening,,all the blanks have two lines,,blanks should have only one line.,Medium,Fixed,
Yeşim,2026-04-14,B1,all units,Jogging,SPL,Fill in Blank,Jogging in the morning helps me relax.,"the answer starts with a capital letter but other distractors dont, so it is easy to guess the answer.",,Make the word 'Jogging' - jogging or make them all start with capital letters.,Medium,Fixed,
Yeşim,2026-04-14,B1+,4,aim,DEF,Multiple Games,His main aim is to get a better job.,two options are nearly the same and can be both the answer.,,something you want to achieve or do must be taken out. something you should do can be a distractor instead.,High,In Progress,
Yeşim,2026-04-14,B1+,4,promis,SPL,Fill in Blank,promis,spelling mistake,,promise,High,In Progress,
Yeşim,2026-04-14,B1+,4,harmful,DEF,Fill in Blank,Smoking is harmful to your health.,only the answer is in adjective form so that it is to find the answer.,,Change all the distractors into adjectives. a)harmful b)boring c)terrifying d)disappointing,High,In Progress,
Yeşim,2026-04-14,B1+,4,,DEF,Fill in Blank,I think your idea is _____.,answer and one of the distractors are adjectives but ot other,,a)disappointing b)satisfying c)brilliant d)harmless,High,In Progress,
Yeşim,2026-04-14,B1+,5,include,EX,Listening,Tax is include in the price.,"all options are in infinitive form, but the sentence needs past participle of verbs..",,a)adapted b)prevented c)disappeared d)included,High,In Progress,
Yeşim,2026-04-14,B1+,5,primates,,Listening,Primates are very intelligent animals.,The answer is given in the question and the option primates are misspelled,,____________ are very intelligent animals. a)scales b)speacies c)primates d)sharks,Medium,Fixed,
Yeşim,2026-04-14,B1+,5,Biodiversity,SPL,Fill in Blank,Biodiversity is important for a healthy planet.,Only the answer starts with a capital letter,,All options shoud start either with capital letter or otherwise. a)environment b)climate change c)deforestation d) biodiversity,Medium,Fixed,
Yeşim,2026-04-14,B1+,5,Long-term,DEF,Fill in Blank,Long-term plans are needed for the project.,only the answer is in adjective form and starts with capital letter so that it is to find the answer.,,a)extinct b)fascinating c)amusing d) long-term,High,Fixed,
Yeşim,2026-04-14,B1+,5,extinct,DEF,Fill in Blank,Dinosaurs are extinct animals.,two options are not in the correct form,,a)extinct b)fascinating c)amusing d) long-term,High,Fixed,
Yeşim,2026-04-14,B1+,5,Climate change,SPL,Fill in Blank,Climate change is affecting many countries.,Only the answer starts with a capital letter,,All options shoud start either with capital letter or otherwise. a)environment b)climate change c)deforestation d) biodiversity,Medium,Fixed,
Yeşim,2026-04-14,B1+,5,petals,DEF,Fill in Blank,The petals of the rose were very bright,all options are singular so that it is easy to find the answer,,a)danger b)rivers c)presents d)petals,Medium,Fixed,
Yeşim,2026-04-14,B1+,5,Deforestation,DEF,Fill in Blank,Deforestation is a serious problem in some countries.,Only the answer starts with a capital letter,,a)climate change b)environment c)deforestation d)biodiversity,Medium,Fixed,
Yeşim,2026-04-15,B1,all units,Mosquito,DEF,Fill in Blank,Mosquitoes are common in summer.,answer is slready given ,,____________ are common in summer.,,,
Yeşim,2026-04-15,B1,all uints,mosquitos,SPL,Fill in Blank,mosquitos,there is spelling mistake and also only this option is plural which makes it easy to guess the answer,,a)mosquitoes b)whales c)spiders d)bees,,,
Yeşim,2026-04-15,B1,all units,just about,EX,Fill in Blank,I am just about finishing my homework in time.,"after 'just about', we use infinitive not gerund",,I am just about to finish my homework.,,,
Yeşim,2026-04-15,B1,all units,allergic to,,Fill in Blank,I am allergic to nuts.,"all answers except form the answer are verbs, also suffer from shows up in two options",,All options should be changed. a) allergic to b)interested in c)good at d)afraid of,,,
Yeşim,2026-04-15,B1,all units,give someone a lift,DEF,Listening,I can give you a lift to the station.,The answer is already given in the question and the definition also gives the answer ,,I can _______________to the station. From the definition please take out 'to give someone a lift',,,